month,fuel,cost_won_per_kwh
2025-07,nuclear,6.39
2025-07,bituminous_coal,73.98
2025-07,anthracite,34.47
2025-07,oil,307.82
2025-07,lng,120.85
2025-08,nuclear,6.4
2025-08,bituminous_coal,70.87
2025-08,anthracite,39.22
2025-08,oil,309.97
2025-08,lng,118.0
2025-09,nuclear,6.40385168
2025-09,bituminous_coal,66.88834798
2025-09,anthracite,72.03387147
2025-09,oil,342.4618241
2025-09,lng,120.56720722
2025-10,nuclear,6.41679845702
2025-10,bituminous_coal,65.09821784286
2025-10,anthracite,96.21495396439
2025-10,oil,337.11320334827
2025-10,lng,115.53112086493
2025-11,nuclear,6.423363
2025-11,bituminous_coal,65.903511
2025-11,anthracite,54.73122
2025-11,oil,342.143952
2025-11,lng,110.078446
2025-12,nuclear,6.42739832
2025-12,bituminous_coal,66.01078896
2025-12,anthracite,55.81576487
2025-12,oil,341.55547685
2025-12,lng,110.09906787
2026-01,nuclear,6.431106
2026-01,bituminous_coal,70.749472
2026-01,anthracite,66.900767
2026-01,oil,341.038744
2026-01,lng,117.719343
2026-02,nuclear,6.444466
2026-02,bituminous_coal,71.341684
2026-02,anthracite,82.412351
2026-02,oil,341.060949
2026-02,lng,118.812666
2026-03,nuclear,6.45769155296
2026-03,bituminous_coal,75.82815347668
2026-03,anthracite,96.3620172299
2026-03,oil,342.17416366461
2026-03,lng,114.88589966
2026-04,nuclear,6.46697
2026-04,bituminous_coal,75.161779
2026-04,anthracite,101.149488
2026-04,oil,342.99241
2026-04,lng,120.413982
2026-05,nuclear,6.4758
2026-05,bituminous_coal,74.9002
2026-05,anthracite,100.3565
2026-05,oil,342.9455
2026-05,lng,127.3779
2026-06,nuclear,6.486332
2026-06,bituminous_coal,83.867132
2026-06,anthracite,100.813665
2026-06,oil,258.375263
2026-06,lng,136.24019
2026-07,nuclear,6.49816
2026-07,bituminous_coal,87.1546
2026-07,anthracite,131.23089
2026-07,oil,269.46662
2026-07,lng,141.84635
2026-08,nuclear,6.522516611017
2026-08,bituminous_coal,90.0730379424
2026-08,anthracite,108.867189656727
2026-08,oil,279.171895940621
2026-08,lng,155.089780522398
